Datetime,Water Level (m)
2026-06-07 00:00:00,0.7534783
2026-06-07 01:00:00,0.587968
2026-06-07 02:00:00,0.3624759
2026-06-07 03:00:00,0.13353916
2026-06-07 04:00:00,-0.076785505
2026-06-07 05:00:00,-0.26456997
2026-06-07 06:00:00,-0.38224584
2026-06-07 07:00:00,-0.2711953
2026-06-07 08:00:00,0.014579924
2026-06-07 09:00:00,0.3604193
2026-06-07 10:00:00,0.7168866
2026-06-07 11:00:00,0.98496
2026-06-07 12:00:00,1.1051147
2026-06-07 13:00:00,0.95343506
2026-06-07 14:00:00,0.7011333
2026-06-07 15:00:00,0.45549014
2026-06-07 16:00:00,0.20319292
2026-06-07 17:00:00,-0.023907552
2026-06-07 18:00:00,-0.21742176
2026-06-07 19:00:00,-0.32535785
2026-06-07 20:00:00,-0.19226702
2026-06-07 21:00:00,0.06108967
2026-06-07 22:00:00,0.35038012
2026-06-07 23:00:00,0.6266021
2026-06-08 00:00:00,0.82209486
2026-06-08 01:00:00,0.861172
2026-06-08 02:00:00,0.66968846
2026-06-08 03:00:00,0.44848374
2026-06-08 04:00:00,0.21748853
2026-06-08 05:00:00,0.0013145081
2026-06-08 06:00:00,-0.1878191
2026-06-08 07:00:00,-0.2829541
2026-06-08 08:00:00,-0.110212356
2026-06-08 09:00:00,0.1795345
2026-06-08 10:00:00,0.510174
2026-06-08 11:00:00,0.8322983
2026-06-08 12:00:00,1.0753993
2026-06-08 13:00:00,1.1374103
2026-06-08 14:00:00,0.9636316
2026-06-08 15:00:00,0.7419583
2026-06-08 16:00:00,0.5077543
2026-06-08 17:00:00,0.26084042
2026-06-08 18:00:00,0.025581652
2026-06-08 19:00:00,-0.18564282
2026-06-08 20:00:00,-0.3261219
2026-06-08 21:00:00,-0.21775354
2026-06-08 22:00:00,0.06734839
2026-06-08 23:00:00,0.38863972
2026-06-09 00:00:00,0.688245
2026-06-09 01:00:00,0.89081347
2026-06-09 02:00:00,0.92766047
2026-06-09 03:00:00,0.7480219
2026-06-09 04:00:00,0.54858726
2026-06-09 05:00:00,0.34030366
2026-06-09 06:00:00,0.1287916
2026-06-09 07:00:00,-0.0513952
2026-06-09 08:00:00,-0.16954324
2026-06-09 09:00:00,-0.067917846
2026-06-09 10:00:00,0.216526
2026-06-09 11:00:00,0.53632015
2026-06-09 12:00:00,0.8421102
2026-06-09 13:00:00,1.0646808
2026-06-09 14:00:00,1.1169885
2026-06-09 15:00:00,0.932249
2026-06-09 16:00:00,0.7022647
2026-06-09 17:00:00,0.46867093
2026-06-09 18:00:00,0.22312859
2026-06-09 19:00:00,-0.009923918
2026-06-09 20:00:00,-0.21577115
2026-06-09 21:00:00,-0.3365998
2026-06-09 22:00:00,-0.19696045
2026-06-09 23:00:00,0.078171514
2026-06-10 00:00:00,0.4062688
2026-06-10 01:00:00,0.741277
2026-06-10 02:00:00,1.0107825
2026-06-10 03:00:00,1.1088506
2026-06-10 04:00:00,0.94753146
2026-06-10 05:00:00,0.7175202
2026-06-10 06:00:00,0.49143705
2026-06-10 07:00:00,0.2605914
2026-06-10 08:00:00,0.054395042
2026-06-10 09:00:00,-0.09901507
2026-06-10 10:00:00,-0.059609596
2026-06-10 11:00:00,0.2123862
2026-06-10 12:00:00,0.5187291
2026-06-10 13:00:00,0.82230675
2026-06-10 14:00:00,1.0547673
2026-06-10 15:00:00,1.1390218
2026-06-10 16:00:00,0.971209
2026-06-10 17:00:00,0.7394491
2026-06-10 18:00:00,0.4959478
2026-06-10 19:00:00,0.23681228
2026-06-10 20:00:00,-0.01350499
2026-06-10 21:00:00,-0.2434076
2026-06-10 22:00:00,-0.40724596
2026-06-10 23:00:00,-0.32395884
2026-06-11 00:00:00,-0.017290695
2026-06-11 01:00:00,0.34671766
2026-06-11 02:00:00,0.7331636
2026-06-11 03:00:00,1.0554091
2026-06-11 04:00:00,1.2173187
2026-06-11 05:00:00,1.0673091
2026-06-11 06:00:00,0.8193791
2026-06-11 07:00:00,0.5674491
2026-06-11 08:00:00,0.3179254
2026-06-11 09:00:00,0.07657544
2026-06-11 10:00:00,-0.123937905
2026-06-11 11:00:00,-0.2075527
2026-06-11 12:00:00,0.026975743
2026-06-11 13:00:00,0.34648606
2026-06-11 14:00:00,0.6902957
2026-06-11 15:00:00,0.991265
2026-06-11 16:00:00,1.1540346
2026-06-11 17:00:00,1.014937
2026-06-11 18:00:00,0.7495861
2026-06-11 19:00:00,0.48505402
2026-06-11 20:00:00,0.20520057
2026-06-11 21:00:00,-0.06725543
2026-06-11 22:00:00,-0.32293937
2026-06-11 23:00:00,-0.52545416
2026-06-12 00:00:00,-0.5075918
2026-06-12 01:00:00,-0.17422459
2026-06-12 02:00:00,0.22747587
2026-06-12 03:00:00,0.6747191
2026-06-12 04:00:00,1.0607303
2026-06-12 05:00:00,1.2895535
2026-06-12 06:00:00,1.1335477
2026-06-12 07:00:00,0.8495566
2026-06-12 08:00:00,0.5798352
2026-06-12 09:00:00,0.30207932
2026-06-12 10:00:00,0.03375704
2026-06-12 11:00:00,-0.19941148
2026-06-12 12:00:00,-0.32413456
2026-06-12 13:00:00,-0.09917681
2026-06-12 14:00:00,0.24244235
2026-06-12 15:00:00,0.6270687
2026-06-12 16:00:00,0.9744648
2026-06-12 17:00:00,1.186481
2026-06-12 18:00:00,1.0586239
2026-06-12 19:00:00,0.7767633
2026-06-12 20:00:00,0.49079624
2026-06-12 21:00:00,0.19809516
2026-06-12 22:00:00,-0.08513207
2026-06-12 23:00:00,-0.34610996
2026-06-13 00:00:00,-0.550274
